[{"id":"user-image-FDS-min.jpg","publicUrl":"np://user.desktop.nicepage.com/Site_64589881/images/FDS-min.jpg","size":112043,"fileName":"FDS-min.jpg","name":"FDS-min","width":1980,"height":1200,"thumbnail":{"url":"np://user.desktop.nicepage.com/Site_64589881/images/thumbnails/FDS-min.jpg","width":250,"height":152},"originalUrl":"//images01.nicepage.com/c461c07a441a5d220e8feb1a/ff187b64d5965cdd81ab7e64/FDS-min.jpg","usages":["386928026"]},{"id":"user-image-Ariolu_logo-removebg-preview.png","publicUrl":"np://user.desktop.nicepage.com/Site_64589881/images/Ariolu_logo-removebg-preview.png","size":49293,"fileName":"Ariolu_logo-removebg-preview.png","name":"Ariolu_logo-removebg-preview","width":500,"height":500,"thumbnail":{"url":"np://user.desktop.nicepage.com/Site_64589881/images/thumbnails/Ariolu_logo-removebg-preview.png","width":250,"height":250},"usages":["386928026"]},{"id":"user-image-Homemade-Mozzarella-Sticks-Recipe-1-of-1.jpg","publicUrl":"np://user.desktop.nicepage.com/Site_64589881/images/Homemade-Mozzarella-Sticks-Recipe-1-of-1.jpg","size":123927,"fileName":"Homemade-Mozzarella-Sticks-Recipe-1-of-1.jpg","name":"Homemade-Mozzarella-Sticks-Recipe-1-of-1","width":1200,"height":1200,"thumbnail":{"url":"np://user.desktop.nicepage.com/Site_64589881/images/thumbnails/Homemade-Mozzarella-Sticks-Recipe-1-of-1.jpg","width":250,"height":250},"usages":["386928026"]}]